en,id
Easy Price and Quality Comparison!,Perbandingan harga dan kualitas yang mudah!
Compare Now!,Bandingkan Sekarang!
Welcome to Specwar,Selamat Datang di Specwar
Discover the best mobile phones with the optimal balance of price and quality!,Temukan ponsel dengan perbandingan harga dan kualitas terbaik di sini!
Compare,Membandingkan
VS,VS
Latest Comparison,Perbandingan Terbaru
Slide,Geser
See All,Lihat Semua
Most Viewed Comparison,Perbandingan Paling Banyak Dilihat
Most Viewed Products,Produk yang Paling Banyak Dilihat
Our Top Product,Produk Unggulan Kami
Start,Mulai
Home,Beranda
Products,Produk
Compare,Membandingkan
Blog,Artikel
About us,Tentang kami
Products with the best quality and have been tested.,Produk dengan kualitas paling terbaik dan telah teruji.
This product captures customer attention. Don't miss the chance to own this highly coveted item!,Produk ini menarik perhatian pelanggan. Jangan lewatkan kesempatan untuk memiliki item yang banyak diminati ini!
Explore our most viewed comparison chart featuring top-rated products.,Jelajahi bagan perbandingan kami yang paling banyak dilihat yang menampilkan produk-produk berperingkat teratas.
Explore the latest in our comparison lineup, featuring the best products.,Jelajahi jajaran perbandingan terbaru kami, yang menampilkan produk terbaik.
Products,Produk
Reset,Reset
OK,OKE
Filter,Filter
Brand,Merek
Load More,Muat Lebih Banyak
Add to comparison,Tambahkan ke perbandingan
Search,Mencari
Compare,Membandingkan
item selected,Item yang dipilih
Price Variant,Varian Harga
Show More,Tampilkan Selengkapnya
Variant,Varian
Color,Warna
Summary,Ringkasan
Price,Harga
Go Back,Kembali
Detailed Specifications,Detail Spesifikasi
Oops! The page you are looking for might be in another galaxy..,Ups! Halaman yang Anda cari mungkin berada di galaksi lain ..
Viewed,Dilihat
New,Baru
Hidden,Sembunyikan